SampleType,Formation,Depth,Range,TOC,S2,,,,,,,
cuttings,Shumar,200,200-210,0.05,0.07,,,,,,,
cuttings,Shumar,210,210-220,0.09,0.03,,,,,,,
cuttings,Shumar,220,220-230,0.03,0.04,,,,,,,
cuttings,Shumar,230,230-240,0.02,0.01,,,,,,,
cuttings,Shumar,240,240-250,0.02,0.02,,,,,,,
cuttings,Shumar,250,250-260,0.06,0.03,,,,,,,
cuttings,Shumar,260,260-270,0.02,0.03,,,,,,,
cuttings,Shumar,270,270-280,0.02,0.02,,,,,,,
cuttings,Shumar,280,280-290,0.03,0.03,,,,,,,
cuttings,Shumar,290,290-300,0.06,0.02,,,,,,, 
cuttings,Shumar,300,300-310,0.09,0.04,,,,,,,
cuttings,Shumar,310,310-320,0.06,0.08,,,,,,,
cuttings,Shumar,320,320-330,0.04,0.01,,,,,,,
cuttings,Shumar,330,330-340,0.05,0.02,,,,,,,
cuttings,Shumar,340,340-350,0.03,0.03,,,,,,,
cuttings,Shumar,350,350-360,0.04,0.05,,,,,,,
cuttings,Shumar,360,360-370,0.02,0.04,,,,,,,
cuttings,Shumar,370,370-380,0.05,0.03,,,,,,,
cuttings,Shumar,380,380-390,0.14,0.32,,,,,,,
cuttings,Shumar,390,390-400,0.48,1.62,,,,,,,
cuttings,Bandah,400,400-410,0.47,1.56,,,,,,,
cuttings,Bandah,410,410-420,0.21,0.21,,,,,,,
cuttings,Bandah,420,420-430,0.16,0.3,,,,,,,
cuttings,Bandah,430,430-440,0.19,0.33,,,,,,,
cuttings,Bandah,440,440-450,0.18,0.18,,,,,,,
cuttings,Bandah,450,450-460,0.11,0.17,,,,,,,
cuttings,Bandah,460,460-470,0.24,0.42,,,,,,,
cuttings,Bandah,470,470-480,0.4,1.02,,,,,,,
cuttings,Bandah,480,480-490,0.26,0.26,,,,,,,
cuttings,Bandah,490,490-500,0.41,0.85,,,,,,,
cuttings,Bandah,500,500-505,0.03,0.07,,,,,,,
cuttings,Bandah,505,505-510,0.46,0.74,,,,,,,
cuttings,Bandah,510,510-515,0.22,0.51,,,,,,,
cuttings,Bandah,515,515-520,0.27,0.47,,,,,,,
cuttings,Bandah,520,520-525,0.25,0.49,,,,,,,
cuttings,Bandah,525,525-530,0.2,0.51,,,,,,,
cuttings,Bandah,530,530-535,0.2,0.39,,,,,,,
cuttings,Bandah,535,535-540,0.26,0.65,,,,,,,
cuttings,Bandah,540,540-545,0.18,0.45,,,,,,,
cuttings,Bandah,545,545-550,0.18,0.37,,,,,,,
cuttings,Bandah,550,550-555,0.14,0.34,,,,,,,
cuttings,Khuiala,555,555-560,0.18,0.46,,,,,,,
cuttings,Khuiala,560,560-565,0.18,0.31,,,,,,,
cuttings,Khuiala,565,565-570,0.58,0.73,,,,,,,
cuttings,Khuiala,570,570-575,0.5,0.76,,,,,,,
cuttings,Khuiala,575,575-580,0.52,0.85,,,,,,,
cuttings,Khuiala,580,580-585,0.55,0.87,,,,,,,
cuttings,Khuiala,585,585-590,0.45,0.49,,,,,,,
cuttings,Khuiala,590,590-595,0.34,0.45,,,,,,,
cuttings,Khuiala,600,600-605,0.41,0.3,,,,,,,
cuttings,Khuiala,605,605-610,0.36,0.34,,,,,,,
cuttings,Khuiala,610,610-615,0.25,0.2,,,,,,,
cuttings,Khuiala,615,615-620,0.46,0.36,,,,,,,
cuttings,Khuiala,620,620-625,0.26,0.23,,,,,,,
cuttings,Khuiala,625,625-630,0.17,0.12,,,,,,,
cuttings,Khuiala,630,630-635,0.15,0.14,,,,,,,
cuttings,Khuiala,635,635-640,0.28,0.17,,,,,,,
cuttings,Khuiala,640,640-645,0.27,0.19,,,,,,,
cuttings,Khuiala,645,645-650,0.25,0.18,,,,,,,
cuttings,Khuiala,650,650-655,0.29,0.19,,,,,,,
cuttings,Khuiala,655,655-660,0.18,0.15,,,,,,,
cuttings,Khuiala,660,660-665,0.19,0.14,,,,,,,
cuttings,Khuiala,665,665-670,0.27,0.22,,,,,,,
cuttings,Khuiala,670,670-675,0.3,0.15,,,,,,,
cuttings,Khuiala,675,675-680,0.24,0.24,,,,,,,
cuttings,Khuiala,680,680-685,0.23,0.15,,,,,,,
cuttings,Khuiala,685,685-690,0.32,0.17,,,,,,,
cuttings,Khuiala,690,690-695,0.33,0.26,,,,,,,
cuttings,Khuiala,695,695-700,0.21,0.15,,,,,,,
cuttings,Khuiala,700,700-705,0.13,0.09,,,,,,,
cuttings,Khuiala,705,705-710,0.3,0.21,,,,,,,
cuttings,Khuiala,710,710-715,0.21,0.15,,,,,,,
cuttings,Khuiala,715,715-720,0.28,0.15,,,,,,,
cuttings,Khuiala,720,720-725,0.33,0.22,,,,,,,
cuttings,Khuiala,725,725-730,0.25,0.15,,,,,,,
cuttings,Khuiala,730,730-735,0.18,0.1,,,,,,,
cuttings,Khuiala,735,735-740,0.06,0.12,,,,,,,
cuttings,Khuiala,740,740-745,0.12,0.04,,,,,,,
cuttings,Khuiala,745,745-750,0.25,0.24,,,,,,,
cuttings,Khuiala,750,750-755,0.35,0.22,,,,,,,
cuttings,Khuiala,755,755-760,0.4,0.25,,,,,,,
cuttings,Khuiala,760,760-765,0.2,0.2,,,,,,,
cuttings,Khuiala,765,765-770,0.45,0.26,,,,,,,
cuttings,Khuiala,770,770-775,0.5,0.35,,,,,,,
cuttings,Khuiala,775,775-780,0.5,0.32,,,,,,,
cuttings,Khuiala,780,780-785,0.59,0.5,,,,,,,
cuttings,Khuiala,785,785-790,0.74,0.85,,,,,,,
cuttings,Khuiala,790,790-795,0.77,0.95,,,,,,,
cuttings,Khuiala,795,795-800,0.9,1.21,,,,,,,
cuttings,Khuiala,800,800-805,0.89,1.27,,,,,,,
cuttings,Khuiala,805,805-810,0.52,0.85,,,,,,,
cuttings,Khuiala,810,810-815,0.38,0.42,,,,,,,
cuttings,Khuiala,815,815-820,1.63,4.85,,,,,,,
cuttings,Khuiala,820,820-825,1.78,6.06,,,,,,,
cuttings,Khuiala,825,825-830,1.03,1.97,,,,,,,
cuttings,Khuiala,830,830-835,0.77,1.29,,,,,,,
cuttings,Khuiala,835,835-840,0.61,0.84,,,,,,,
cuttings,Khuiala,840,840-845,0.58,0.9,,,,,,,
cuttings,Khuiala,845,845-850,0.49,0.94,,,,,,,
cuttings,Khuiala,850,850-855,0.42,0.5,,,,,,,
cuttings,Khuiala,855,855-860,0.23,0.44,,,,,,,
cuttings,Khuiala,860,860-865,0.36,0.29,,,,,,,
cuttings,Khuiala,865,865-870,0.17,0.16,,,,,,,
cuttings,Khuiala,870,870-875,0.15,0.31,,,,,,,
cuttings,Khuiala,875,875-880,0.36,0.48,,,,,,,
cuttings,Khuiala,880,880-885,0.31,0.58,,,,,,,
cuttings,Khuiala,885,885-890,0.51,0.92,,,,,,,
cuttings,Khuiala,890,890-895,0.42,0.73,,,,,,,
cuttings,Sanu,895,895-900,0.42,0.7,,,,,,,
cuttings,Sanu,900,900-905,0.57,0.73,,,,,,,
cuttings,Sanu,905,905-910,0.74,0.88,,,,,,,
cuttings,Sanu,910,910-915,1.04,1.59,,,,,,,
cuttings,Sanu,915,915-920,0.88,1.59,,,,,,,
cuttings,Sanu,920,920-925,1.05,1.83,,,,,,,
cuttings,Sanu,925,925-930,1.11,1.65,,,,,,,
cuttings,Sanu,930,930-935,0.91,1.27,,,,,,,
cuttings,Sanu,935,935-940,1.43,2.27,,,,,,,
cuttings,Sanu,940,940-945,1.5,1.94,,,,,,,
cuttings,Sanu,945,945-950,0.89,1.17,,,,,,,
cuttings,Sanu,950,950-955,1.21,1.52,,,,,,,
cuttings,Sanu,955,955-960,1.01,1.53,,,,,,,
cuttings,Sanu,960,960-965,0.83,0.81,,,,,,,
cuttings,Sanu,965,965-970,0.81,0.89,,,,,,,
cuttings,Sanu,970,970-975,0.93,0.84,,,,,,,
cuttings,Sanu,975,975-980,0.97,1.29,,,,,,,
cuttings,Sanu,980,980-985,0.93,1.21,,,,,,,
cuttings,Sanu,985,985-990,0.71,0.85,,,,,,,
cuttings,Sanu,990,990-995,0.54,0.76,,,,,,,
cuttings,Sanu,995,995-1000,0.47,0.47,,,,,,,
cuttings,Sanu,1000,1000-1005,0.44,0.46,,,,,,,
cuttings,Sanu,1005,1005-1010,0.46,0.43,,,,,,,
cuttings,Sanu,1010,1010-1015,0.67,0.84,,,,,,,
cuttings,Sanu,1015,1015-1020,0.51,0.48,,,,,,,
cuttings,Sanu,1020,1020-1025,0.43,0.36,,,,,,,
cuttings,Sanu,1025,1025-1030,0.37,0.34,,,,,,,
cuttings,Sanu,1030,1030-1035,0.25,0.23,,,,,,,
cuttings,Sanu,1035,1035-1040,0.21,0.24,,,,,,,
cuttings,Sanu,1040,1040-1045,0.21,0.2,,,,,,,
cuttings,Sanu,1045,1045-1050,0.26,0.27,,,,,,,
cuttings,Sanu,1050,1050-1055,0.29,0.24,,,,,,,
cuttings,Sanu,1055,1055-1060,0.39,0.4,,,,,,,
cuttings,Sanu,1060,1060-1065,0.36,0.31,,,,,,,
cuttings,Sanu,1065,1065-1070,0.25,0.16,,,,,,,
cuttings,Sanu,1070,1070-1075,0.14,0.2,,,,,,,
cuttings,Sanu,1075,1075-1080,0.22,0.15,,,,,,,
cuttings,Sanu,1080,1080-1085,0.15,0.18,,,,,,,
cuttings,Sanu,1085,1085-1090,0.09,0.11,,,,,,,
cuttings,Sanu,1090,1090-1095,0.11,0.18,,,,,,,
cuttings,Sanu,1095,1095-1100,0.19,0.32,,,,,,,
cuttings,Sanu,1100,1100-1105,0.09,0.09,,,,,,,
cuttings,Sanu,1105,1105-1110,0.1,0.05,,,,,,,
cuttings,Parh,1110,1110-1115,0.06,0.1,,,,,,,
cuttings,Parh,1115,1115-1120,0.08,0.05,,,,,,,
cuttings,Parh,1120,1120-1125,0.23,0.14,,,,,,,
cuttings,Parh,1125,1125-1130,0.53,0.54,,,,,,,
cuttings,Parh,1130,1130-1135,0.46,0.27,,,,,,,
cuttings,Parh,1135,1135-1140,0.29,0.34,,,,,,,
cuttings,Parh,1140,1140-1145,0.26,0.21,,,,,,,
cuttings,Parh,1145,1145-1150,0.57,0.34,,,,,,,
cuttings,Parh,1150,1150-1155,0.62,0.46,,,,,,,
cuttings,Parh,1155,1155-1160,0.66,0.59,,,,,,,
cuttings,Parh,1160,1160-1165,0.68,0.61,,,,,,,
cuttings,Parh,1165,1165-1170,0.61,0.49,,,,,,,
cuttings,Parh,1170,1170-1175,0.74,0.72,,,,,,,
cuttings,Parh,1175,1175-1180,0.82,0.78,,,,,,,
cuttings,Parh,1180,1180-1185,0.93,1.1,,,,,,,
cuttings,Parh,1185,1185-1190,0.74,0.75,,,,,,,
cuttings,Parh,1190,1190-1195,0.76,0.68,,,,,,,
cuttings,Parh,1195,1195-1200,0.99,1.38,,,,,,,
cuttings,Parh,1200,1200-1205,0.93,1.69,,,,,,,
cuttings,Parh,1205,1205-1210,0.9,1.37,,,,,,,
cuttings,Parh,1210,1210-1215,0.85,0.85,,,,,,,
cuttings,Parh,1215,1215-1220,0.87,0.91,,,,,,,
cuttings,Parh,1220,1220-1225,0.85,0.92,,,,,,,
cuttings,Parh,1225,1225-1230,0.83,0.74,,,,,,,
cuttings,Parh,1230,1230-1235,0.87,0.81,,,,,,,
cuttings,Parh,1235,1235-1240,0.96,1.26,,,,,,,
cuttings,Parh,1240,1240-1245,0.9,0.83,,,,,,,
cuttings,Parh,1245,1245-1250,1.16,1.25,,,,,,,
cuttings,Parh,1250,1250-1255,0.96,1.05,,,,,,,
cuttings,Parh,1255,1255-1260,1.02,1.15,,,,,,,
cuttings,Parh,1260,1260-1265,0.44,0.72,,,,,,,
cuttings,Parh,1265,1265-1270,0.55,0.42,,,,,,,
cuttings,Parh,1270,1270-1275,0.54,0.36,,,,,,,
cuttings,Parh,1275,1275-1280,0.38,0.39,,,,,,,
cuttings,Parh,1280,1280-1285,0.76,0.63,,,,,,,
cuttings,Parh,1285,1285-1290,0.34,0.34,,,,,,,
cuttings,Parh,1290,1290-1295,0.58,0.35,,,,,,,
cuttings,Parh,1295,1295-1300,0.55,0.34,,,,,,,
cuttings,Parh,1300,1300-1305,0.61,0.41,,,,,,,
cuttings,Parh,1305,1305-1310,0.53,0.35,,,,,,,
cuttings,Parh,1310,1310-1315,0.55,0.4,,,,,,,
cuttings,Parh,1315,1315-1320,0.54,0.37,,,,,,,
cuttings,Parh,1320,1320-1325,0.6,0.43,,,,,,,
cuttings,Parh,1325,1325-1330,0.54,0.39,,,,,,,
cuttings,Parh,1330,1330-1335,0.34,0.39,,,,,,,
cuttings,Parh,1335,1335-1340,0.54,0.39,,,,,,,
cuttings,Parh,1340,1340-1345,0.54,0.36,,,,,,,
cuttings,Parh,1345,1345-1350,0.49,0.33,,,,,,,
cuttings,Parh,1350,1350-1355,0.48,0.33,,,,,,,
cuttings,Parh,1355,1355-1360,0.46,0.28,,,,,,,
cuttings,Parh,1360,1360-1365,0.45,0.3,,,,,,,
cuttings,Parh,1365,1365-1370,0.44,0.29,,,,,,,
cuttings,Parh,1375,1375-1380,0.34,0.25,,,,,,,
cuttings,Parh,1380,1380-1385,0.4,0.26,,,,,,,
cuttings,Parh,1385,1385-1390,0.41,0.23,,,,,,,
cuttings,Parh,1390,1390-1395,0.44,0.26,,,,,,,
cuttings,Parh,1395,1395-1400,0.46,0.29,,,,,,,
cuttings,Parh,1400,1400-1405,0.27,0.27,,,,,,,
cuttings,Parh,1405,1405-1410,0.62,0.53,,,,,,,
cuttings,Parh,1410,1410-1415,0.54,0.35,,,,,,,
cuttings,Parh,1415,1415-1420,0.54,0.3,,,,,,,
cuttings,Parh,1420,1420-1425,0.54,0.35,,,,,,,
cuttings,Parh,1425,1425-1430,0.46,0.34,,,,,,,
cuttings,Parh,1430,1430-1435,0.55,0.48,,,,,,,
cuttings,Parh,1435,1435-1440,0.52,0.42,,,,,,,
cuttings,Parh,1440,1440-1445,0.25,0.3,,,,,,,
cuttings,Parh,1445,1445-1450,0.28,0.35,,,,,,,
cuttings,Parh,1450,1450-1455,0.36,0.25,,,,,,,
cuttings,Parh,1455,1455-1460,0.23,0.29,,,,,,,
cuttings,Parh,1460,1460-1465,0.49,0.39,,,,,,,
cuttings,Parh,1465,1465-1470,0.46,0.38,,,,,,,
cuttings,Parh,1470,1470-1475,0.31,0.42,,,,,,,
cuttings,Parh,1475,1475-1480,0.23,0.32,,,,,,,
cuttings,Parh,1480,1480-1485,0.45,0.38,,,,,,,
cuttings,Parh,1485,1485-1490,0.44,0.34,,,,,,,
cuttings,Parh,1490,1490-1495,0.4,0.26,,,,,,,
cuttings,Parh,1495,1495-1500,0.39,0.32,,,,,,,
cuttings,Parh,1500,1500-1505,0.32,0.25,,,,,,,
cuttings,Parh,1505,1505-1510,0.38,0.3,,,,,,,
cuttings,Parh,1510,1510-1515,0.27,0.31,,,,,,,
cuttings,Parh,1515,1515-1520,0.25,0.29,,,,,,,
cuttings,Upper Goru,1520,1520-1525,0.26,0.26,,,,,,,
cuttings,Upper Goru,1525,1525-1530,0.41,0.27,,,,,,,
cuttings,Upper Goru,1530,1530-1535,0.38,0.28,,,,,,,
cuttings,Upper Goru,1535,1535-1540,0.38,0.23,,,,,,,
cuttings,Upper Goru,1540,1540-1545,0.45,0.31,,,,,,,
cuttings,Upper Goru,1545,1545-1550,0.25,0.27,,,,,,,
cuttings,Upper Goru,1550,1550-1555,0.28,0.34,,,,,,,
cuttings,Upper Goru,1555,1555-1560,0.46,0.31,,,,,,,
cuttings,Upper Goru,1560,1560-1565,0.47,0.37,,,,,,,
cuttings,Upper Goru,1565,1565-1570,0.54,0.42,,,,,,,
cuttings,Upper Goru,1570,1570-1575,0.33,0.45,,,,,,,
cuttings,Upper Goru,1575,1575-1580,0.35,0.5,,,,,,,
cuttings,Upper Goru,1580,1580-1585,0.52,0.43,,,,,,,
cuttings,Upper Goru,1585,1585-1590,0.54,0.55,,,,,,,
cuttings,Upper Goru,1590,1590-1595,0.49,0.43,,,,,,,
cuttings,Upper Goru,1595,1595-1600,0.5,0.45,,,,,,,
cuttings,Upper Goru,1600,1600-1605,0.31,0.39,,,,,,,
cuttings,Upper Goru,1605,1605-1610,0.47,0.42,,,,,,,
cuttings,Upper Goru,1610,1610-1615,0.53,0.43,,,,,,,
cuttings,Upper Goru,1615,1615-1620,0.35,0.4,,,,,,,
cuttings,Upper Goru,1620,1620-1625,0.49,0.62,,,,,,,
cuttings,Upper Goru,1625,1625-1630,0.57,0.54,,,,,,,
cuttings,Upper Goru,1630,1630-1635,0.39,0.59,,,,,,,
cuttings,Upper Goru,1635,1635-1640,0.58,0.82,,,,,,,
cuttings,Upper Goru,1640,1640-1645,0.55,0.73,,,,,,,
cuttings,Upper Goru,1645,1645-1650,0.43,0.64,,,,,,,
cuttings,Upper Goru,1650,1650-1655,0.6,0.87,,,,,,,
cuttings,Upper Goru,1655,1655-1660,0.61,0.78,,,,,,,
cuttings,Upper Goru,1660,1660-1665,0.66,0.94,,,,,,,
cuttings,Upper Goru,1665,1665-1670,0.65,0.89,,,,,,,
cuttings,Upper Goru,1670,1670-1675,0.61,0.79,,,,,,,
cuttings,Upper Goru,1675,1675-1680,0.63,0.8,,,,,,,
cuttings,Upper Goru,1680,1680-1685,0.58,0.73,,,,,,,
cuttings,Upper Goru,1685,1685-1690,0.59,0.81,,,,,,,
cuttings,Upper Goru,1690,1690-1695,0.53,0.77,,,,,,,
cuttings,Upper Goru,1695,1695-1700,0.59,0.74,,,,,,,
cuttings,Upper Goru,1700,1700-1705,0.51,0.77,,,,,,,
cuttings,Upper Goru,1705,1705-1710,0.56,0.66,,,,,,,
cuttings,Upper Goru,1710,1710-1715,0.57,0.66,,,,,,,
cuttings,Upper Goru,1715,1715-1720,0.67,0.67,,,,,,,
cuttings,Upper Goru,1720,1720-1725,0.69,0.54,,,,,,,
cuttings,Upper Goru,1725,1725-1730,0.57,1.04,,,,,,,
cuttings,Upper Goru,1730,1730-1735,0.49,0.74,,,,,,,
cuttings,Upper Goru,1735,1735-1740,0.31,0.48,,,,,,,
cuttings,Upper Goru,1740,1740-1745,0.36,0.54,,,,,,,
cuttings,Upper Goru,1745,1745-1750,0.42,0.49,,,,,,,
cuttings,Upper Goru,1750,1750-1755,0.46,0.55,,,,,,,
cuttings,Upper Goru,1755,1755-1760,0.48,0.61,,,,,,,
cuttings,Upper Goru,1760,1760-1765,0.48,0.48,,,,,,,
cuttings,Upper Goru,1765,1765-1770,0.53,0.52,,,,,,,
cuttings,Upper Goru,1770,1770-1775,0.51,0.49,,,,,,,
cuttings,Upper Goru,1780,1780-1785,0.28,0.27,,,,,,,
cuttings,Upper Goru,1785,1785-1790,0.32,0.26,,,,,,,
cuttings,Upper Goru,1790,1790-1795,0.32,0.3,,,,,,,
cuttings,Upper Goru,1795,1795-1800,0.33,0.31,,,,,,,
cuttings,Upper Goru,1800,1800-1805,0.36,0.32,,,,,,,
cuttings,Upper Goru,1805,1805-1810,0.37,0.32,,,,,,,
cuttings,Upper Goru,1810,1810-1815,0.34,0.33,,,,,,,
cuttings,Upper Goru,1815,1815-1820,0.74,0.84,,,,,,,
cuttings,Upper Goru,1820,1820-1825,0.61,0.73,,,,,,,
cuttings,Upper Goru,1825,1825-1830,0.4,0.41,,,,,,,
cuttings,Upper Goru,1830,1830-1835,0.38,0.43,,,,,,,
cuttings,Upper Goru,1835,1835-1840,0.39,0.48,,,,,,,
cuttings,Upper Goru,1840,1840-1845,0.4,0.43,,,,,,,
cuttings,Lower Goru,1845,1845-1850,0.43,0.39,,,,,,,
cuttings,Lower Goru,1850,1850-1855,0.32,0.41,,,,,,,
cuttings,Lower Goru,1855,1855-1860,0.37,0.44,,,,,,,
cuttings,Lower Goru,1860,1860-1865,0.32,0.39,,,,,,,
cuttings,Lower Goru,1865,1865-1870,0.31,0.43,,,,,,,
cuttings,Lower Goru,1870,1870-1875,0.34,0.35,,,,,,,
cuttings,Lower Goru,1875,1875-1880,0.37,0.69,,,,,,,
cuttings,Lower Goru,1880,1880-1885,0.3,0.37,,,,,,,
,Lower Goru,1885,1885-1890,0.39,0.36,,,,,,,
,Lower Goru,1890,1890-1895,0.35,0.39,,,,,,,
,Lower Goru,1895,1895-1900,0.43,0.49,,,,,,,
,Lower Goru,1900,1900-1905,0.43,0.52,,,,,,,
,Lower Goru,1905,1905-1910,0.39,0.46,,,,,,,
,Lower Goru,1910,1910-1915,0.44,0.45,,,,,,,
,Lower Goru,1915,1915-1920,0.72,0.88,,,,,,,
,Lower Goru,1920,1920-1925,0.68,0.77,,,,,,,
,Lower Goru,1925,1925-1930,1.46,1.8,,,,,,,
,Lower Goru,1930,1930-1935,0.63,0.81,,,,,,,
,Lower Goru,1935,1935-1940,0.52,0.61,,,,,,,
,Lower Goru,1940,1940-1945,0.57,0.63,,,,,,,
,Lower Goru,1945,1945-1950,0.63,0.67,,,,,,,
,Lower Goru,1950,1950-1955,0.53,0.71,,,,,,,
,Lower Goru,1955,1955-1960,0.43,0.52,,,,,,,
,Lower Goru,1960,1960-1965,0.37,0.41,,,,,,,
,Lower Goru,1965,1965-1970,0.37,0.44,,,,,,,
,Lower Goru,1970,1970-1975,0.75,1.04,,,,,,,
,Lower Goru,1975,1975-1980,1.27,2.29,,,,,,,
,Lower Goru,1980,1980-1985,0.47,0.34,,,,,,,
,Lower Goru,1985,1985-1990,0.39,0.44,,,,,,,
,Lower Goru,1990,1990-1995,0.47,0.52,,,,,,,
,Lower Goru,1995,1995-2000,0.36,0.44,,,,,,,
,Lower Goru,2000,2000-2005,0.43,0.41,,,,,,,
,Lower Goru,2005,2005-2010,0.65,0.54,,,,,,,
,Lower Goru,2010,2010-2015,0.5,0.46,,,,,,,
,Lower Goru,2015,2015-2020,0.49,0.44,,,,,,,
,Lower Goru,2020,2020-2025,0.5,0.49,,,,,,,
,Lower Goru,2025,2025-2030,0.46,0.48,,,,,,,
,Lower Goru,2030,2030-2035,0.64,0.63,,,,,,,
,Lower Goru,2035,2035-2040,0.57,0.51,,,,,,,
,Lower Goru,2040,2040-2045,0.67,0.61,,,,,,,
,Lower Goru,2045,2045-2050,0.58,0.53,,,,,,,
,Lower Goru,2050,2050-2055,0.57,0.48,,,,,,,
,Lower Goru,2055,2055-2060,0.58,0.52,,,,,,,
,Lower Goru,2060,2060-2065,0.56,0.6,,,,,,,
,Lower Goru,2065,2065-2070,1.35,1.11,,,,,,,
,Lower Goru,2070,2070-2075,0.57,0.56,,,,,,,
,Lower Goru,2075,2075-2080,0.69,0.6,,,,,,,
,Lower Goru,2080,2080-2085,0.87,0.71,,,,,,,
,Lower Goru,2085,2085-2090,0.95,0.75,,,,,,,
,Lower Goru,2090,2090-2095,1.09,0.78,,,,,,,
,Lower Goru,2095,2095-2100,1.09,1.02,,,,,,,
,Lower Goru,2100,2100-2105,1.04,0.88,,,,,,,
,Lower Goru,2105,2105-2110,1.33,1.03,,,,,,,
,Pariwar,2110,2110-2115,1.19,1.19,,,,,,,
,Pariwar,2115,2115-2120,1.21,1.23,,,,,,,
,Pariwar,2120,2120-2125,1.38,1.37,,,,,,,
,Pariwar,2125,2125-2130,1.21,1.88,,,,,,,
,Pariwar,2130,2130-2135,0.44,0.42,,,,,,,
,Pariwar,2135,2135-2140,0.6,0.65,,,,,,,
,Pariwar,2140,2140-2145,6.62,12.82,,,,,,,
,Pariwar,2145,2145-2150,1.35,2.25,,,,,,,
,Pariwar,2150,2150-2155,0.52,0.65,,,,,,,
,Pariwar,2155,2155-2160,0.47,0.44,,,,,,,
,Pariwar,2160,2160-2165,0.58,0.5,,,,,,,
,Pariwar,2165,2165-2170,1.01,1.1,,,,,,,
,Pariwar,2170,2170-2175,1.95,2.29,,,,,,,
,Pariwar,2175,2175-2180,1.02,1.07,,,,,,,
,Pariwar,2180,2180-2185,0.48,0.47,,,,,,,
,Pariwar,2185,2185-2190,1.07,1.31,,,,,,,
,Pariwar,2190,2190-2195,1.7,2.18,,,,,,,
,Pariwar,2195,2195-2200,1.81,1.71,,,,,,,
,Pariwar,2200,2200-2205,1.55,1.49,,,,,,,
,Pariwar,2205,2205-2210,1.25,1.45,,,,,,,
,Pariwar,2210,2210-2215,0.94,0.86,,,,,,,
,Pariwar,2215,2215-2220,5.05,15.96,,,,,,,
,Pariwar,2220,2220-2225,0.58,0.83,,,,,,,
,Pariwar,2225,2225-2230,0.38,0.46,,,,,,,
,Pariwar,2230,2230-2235,0.46,0.7,,,,,,,
,Pariwar,2235,2235-2240,0.64,0.69,,,,,,,
,Pariwar,2240,2240-2245,0.64,0.82,,,,,,,
,Pariwar,2245,2245-2250,0.55,0.66,,,,,,,
,Pariwar,2250,2250-2255,0.77,1.2,,,,,,,
,Pariwar,2255,2255-2260,0.77,1.13,,,,,,,
,Pariwar,2260,2260-2265,0.68,1.11,,,,,,,
,Pariwar,2265,2265-2270,0.68,1.3,,,,,,,
,Pariwar,2270,2270-2275,0.91,1.33,,,,,,,
,Pariwar,2275,2275-2280,0.74,1.05,,,,,,,
,Pariwar,2280,2280-2285,0.58,0.83,,,,,,,
,Pariwar,2285,2285-2290,0.82,1.05,,,,,,,
,Pariwar,2290,2290-2295,0.79,1,,,,,,,
,Pariwar,2295,2295-2300,0.78,0.53,,,,,,,
,Pariwar,2300,2300-2305,0.68,0.54,,,,,,,
,Pariwar,2305,2305-2310,0.67,0.63,,,,,,,
,Pariwar,2310,2310-2315,0.36,0.53,,,,,,,
,Pariwar,2315,2315-2320,0.28,0.44,,,,,,,
,Pariwar,2320,2320-2325,0.22,0.29,,,,,,,
,Pariwar,2325,2325-2330,0.31,0.39,,,,,,,
,Pariwar,2330,2330-2335,0.47,1.16,,,,,,,
,Pariwar,2335,2335-2340,1.16,2.65,,,,,,,
,Pariwar,2340,2340-2345,0.49,0.67,,,,,,,
,Pariwar,2345,2345-2350,0.24,0.39,,,,,,,
,Pariwar,2350,2350-2355,0.52,0.95,,,,,,,
,Pariwar,2355,2355-2360,0.52,0.88,,,,,,,
,Pariwar,2360,2360-2365,0.76,1.22,,,,,,,
,Pariwar,2365,2365-2370,1.48,4.05,,,,,,,
,Pariwar,2370,2370-2375,1.33,1.96,,,,,,,
,Pariwar,2375,2375-2380,0.82,1.7,,,,,,,
,Pariwar,2380,2380-2385,0.41,0.61,,,,,,,
,Pariwar,2385,2385-2390,0.51,1.28,,,,,,,
,Pariwar,2390,2390-2395,0.78,1.61,,,,,,,
,Pariwar,2395,2395-2400,0.66,1.21,,,,,,,
,Pariwar,2400,2400-2405,0.58,1.07,,,,,,,
,Pariwar,2405,2405-2410,0.75,1.27,,,,,,,
,Pariwar,2410,2410-2415,0.3,0.47,,,,,,,
,Pariwar,2415,2415-2420,0.78,1.44,,,,,,,
,Pariwar,2420,2420-2425,1.4,1.89,,,,,,,
,Pariwar,2425,2425-2430,0.78,1.07,,,,,,,
,Pariwar,2430,2430-2435,3.47,11.32,,,,,,,
,Pariwar,2435,2435-2440,0.64,1.02,,,,,,,
,Pariwar,2440,2440-2445,0.74,1.48,,,,,,,
,Pariwar,2445,2445-2450,0.79,1.52,,,,,,,
,Pariwar,2450,2450-2455,0.54,1.05,,,,,,,
,Pariwar,2455,2455-2460,2.72,7.83,,,,,,,
,Pariwar,2460,2460-2465,1.26,2.56,,,,,,,
,Pariwar,2465,2465-2470,1.27,2.1,,,,,,,
,Pariwar,2470,2470-2475,1.48,2.39,,,,,,,
,Pariwar,2475,2475-2480,0.85,1.31,,,,,,,
,Pariwar,2480,2480-2485,0.63,1.12,,,,,,,
,Pariwar,2485,2485-2490,0.56,1.22,,,,,,,
,Pariwar,2490,2490-2495,0.37,0.54,,,,,,,
,Pariwar,2495,2495-2500,0.72,1.3,,,,,,,
,Pariwar,2500,2500-2505,1.13,1.94,,,,,,,
,Pariwar,2505,2505-2510,0.42,0.61,,,,,,,
,Pariwar,2510,2510-2515,2.11,3.52,,,,,,,
,Pariwar,2515,2515-2520,1.91,3.32,,,,,,,
,Pariwar,2520,2520-2525,1.3,2.11,,,,,,,
,Pariwar,2525,2525-2530,1.19,1.59,,,,,,,
,Pariwar,2530,2530-2535,1.2,1.7,,,,,,,
,Pariwar,2535,2535-2540,0.98,1.27,,,,,,,
,Pariwar,2540,2540-2545,0.81,1.29,,,,,,,
,Pariwar,2545,2545-2550,1.1,1.66,,,,,,,
,Pariwar,2550,2550-2555,1.17,2.36,,,,,,,
,Pariwar,2555,2555-2560,4.38,8.91,,,,,,,
,Pariwar,2560,2560-2565,1.6,2.2,,,,,,,
,Pariwar,2565,2565-2570,5.77,12.82,,,,,,,
,Pariwar,2570,2570-2575,5.24,12.41,,,,,,,
,Pariwar,2575,2575-2580,1.11,1.54,,,,,,,
,Pariwar,2580,2580-2585,1.76,3.31,,,,,,,
,Pariwar,2585,2585-2590,1.93,4.16,,,,,,,
,Pariwar,2590,2590-2595,1.09,1.82,,,,,,,
,Pariwar,2595,2595-2600,1.18,1.83,,,,,,,
,Pariwar,2600,2600-2605,0.81,1.44,,,,,,,
,Pariwar,2605,2605-2610,1.32,1.98,,,,,,,
,Pariwar,2610,2610-2615,1.5,3.75,,,,,,,
,Pariwar,2615,2615-2620,1.29,2.37,,,,,,,
,Pariwar,2620,2620-2625,3.13,6.93,,,,,,,
,Pariwar,2625,2625-2630,1.83,4.16,,,,,,,
,Pariwar,2630,2630-2635,0.49,0.97,,,,,,,
,Pariwar,2635,2635-2640,0.97,1.94,,,,,,,
,Pariwar,2640,2640-2645,0.73,1.66,,,,,,,
,Pariwar,2645,2645-2650,0.81,1.44,,,,,,,
,Pariwar,2650,2650-2655,0.43,0.98,,,,,,,
,Pariwar,2655,2655-2660,0.4,1.1,,,,,,,
,Pariwar,2660,2660-2665,0.58,1.46,,,,,,,
,Pariwar,2665,2665-2670,0.65,1.38,,,,,,,
,Pariwar,2670,2670-2675,0.6,1.86,,,,,,,
,Pariwar,2680,2680-2685,0.78,1.76,,,,,,,
,Pariwar,2685,2685-2690,0.49,1.07,,,,,,,
,Pariwar,2690,2690-2695,0.89,1.19,,,,,,,
,Pariwar,2695,2695-2700,0.86,1.82,,,,,,,
,Pariwar,2700,2700-2705,0.55,1.4,,,,,,,
,Pariwar,2705,2705-2710,0.96,1.98,,,,,,,
,Pariwar,2710,2710-2715,1.91,2.04,,,,,,,
,Pariwar,2715,2715-2720,0.45,1.09,,,,,,,
,Pariwar,2720,2720-2725,1.01,1.91,,,,,,,
,Pariwar,2725,2725-2730,0.65,1.49,,,,,,,
,Pariwar,2730,2730-2735,0.55,1.17,,,,,,,
,Pariwar,2735,2735-2740,0.41,0.95,,,,,,,
,Pariwar,2740,2740-2745,0.63,0.98,,,,,,,
,Pariwar,2745,2745-2750,0.8,1.25,,,,,,,
,Pariwar,2750,2750-2755,0.69,1.34,,,,,,,
,Pariwar,2755,2755-2760,1.19,1.86,,,,,,,
,Pariwar,2760,2760-2765,0.53,1.43,,,,,,,
,Pariwar,2765,2765-2770,0.85,1.23,,,,,,,
,Pariwar,2770,2770-2775,0.69,1.15,,,,,,,
,Pariwar,2775,2775-2780,0.29,0.75,,,,,,,
,Pariwar,2780,2780-2785,0.56,1.31,,,,,,,
,Pariwar,2785,2785-2790,0.75,1.33,,,,,,,
,Pariwar,2790,2790-2795,0.24,0.6,,,,,,,
,Pariwar,2795,2795-2800,1.04,2.01,,,,,,,
,Pariwar,2800,2800-2805,0.91,1.59,,,,,,,
,Pariwar,2805,2805-2810,1.11,2.1,,,,,,,
,Pariwar,2810,2810-2815,1.03,1.78,,,,,,,
,Pariwar,2815,2815-2820,0.8,1.8,,,,,,,
,Pariwar,2820,2820-2825,0.78,1.76,,,,,,,
,Pariwar,2825,2825-2830,0.54,1.26,,,,,,,
,Pariwar,2830,2830-2835,0.46,1.15,,,,,,,
,Pariwar,2835,2835-2840,0.7,1.67,,,,,,,
,Pariwar,2840,2840-2845,0.5,1.17,,,,,,,
,Pariwar,2845,2845-2850,0.65,1.42,,,,,,,
,Pariwar,2850,2850-2855,1.35,1.29,,,,,,,
,Pariwar,2855,2855-2860,0.71,0.75,,,,,,,
,Pariwar,2860,2860-2865,0.71,0.72,,,,,,,
,Pariwar,2865,2865-2870,0.96,1.37,,,,,,,
,Pariwar,2870,2870-2875,0.73,0.86,,,,,,,
,Pariwar,2875,2875-2880,0.78,1.08,,,,,,,
,Pariwar,2880,2880-2885,0.89,1.24,,,,,,,
,Pariwar,2885,2885-2890,0.59,0.66,,,,,,,
,Pariwar,2890,2890-2893,0.95,1.69,,,,,,,
